{
    "train_losses": [
        0.019888045787811278,
        0.011667601570487022,
        0.007485358364880085,
        0.004890078894793987,
        0.004153245940804482,
        0.002328587697353214,
        0.0027555043790489435,
        0.0018424335392192006,
        0.0011773511762730778,
        0.0020536268707946875
    ],
    "train_accuracies": [
        71.2,
        82.6,
        91.6,
        94.7,
        94.6,
        96.8,
        97.5,
        97.8,
        98.4,
        98.3
    ],
    "test_losses": [
        0.6850435107946395,
        0.5970366023576412,
        1.0692440271377563,
        1.0245307087898254,
        0.7500932663679123,
        0.9662541784346104,
        1.29937587082386,
        1.239755613108476,
        1.209229045680591,
        1.1125610414892435,
        0.9979400932788849,
        0.9214282542467117,
        0.8479080572724342,
        0.782561951627334,
        0.7467828106421691,
        0.7073864330138478,
        0.6850435107946395,
        0.6647885860875249,
        0.6546397638671538,
        0.633789851433701,
        0.6119905074960307,
        0.5821106872987002,
        0.5970366023576412
    ],
    "test_accuracies": [
        77.91666666666667,
        79.8076923076923,
        71.875,
        65.625,
        76.04166666666667,
        67.96875,
        60.625,
        61.979166666666664,
        62.05357142857143,
        65.234375,
        68.75,
        70.625,
        73.01136363636364,
        74.73958333333333,
        75.96153846153847,
        77.00892857142857,
        77.91666666666667,
        78.3203125,
        78.125,
        78.64583333333333,
        79.27631578947368,
        77.8125,
        79.8076923076923
    ],
    "val_losses": [
        1.494890570640564,
        1.494890570640564,
        1.494890570640564,
        1.494890570640564
    ],
    "val_accuracies": [
        62.5,
        62.5,
        62.5,
        62.5
    ]
}